id,parent_id
1,NA
2,1
3,1
4,1
5,1
6,1
7,1
8,1
9,1
10,1
11,1
12,1
13,1
14,1
15,1
16,1
17,1
18,1
19,1
20,1
21,1
22,1
23,1
24,1
25,1
26,1
27,1
28,1
29,1
30,1
31,1
32,1
33,1
34,1
35,1
36,1
37,1
38,1
39,1
40,1
41,1
42,1
43,1
44,1
45,1
46,1
47,1
48,1
49,1
50,1
51,1
52,1
53,1
54,1
55,1
56,1
57,1
58,1
59,1
60,2
61,2
62,2
63,2
64,2
65,2
66,2
67,2
68,2
69,2
70,2
71,2
72,2
73,2
74,2
75,2
76,2
77,2
78,2
79,2
80,2
81,2
82,2
83,2
84,2
85,2
86,2
87,2
88,2
89,2
90,2
91,2
92,2
93,2
94,2
95,2
96,2
97,2
98,2
99,2
100,2
101,2
102,2
103,2
104,2
105,2
106,2
107,2
108,2
109,2
110,2
111,2
112,2
113,2
114,2
115,2
116,2
117,2
118,2
119,2
120,2
121,2
122,2
123,2
124,2
125,2
126,2
127,2
128,2
129,2
130,2
131,2
132,2
133,2
134,2
135,2
136,2
137,2
138,2
139,2
140,2
141,2
142,2
143,2
144,2
145,2
146,2
147,2
148,2
149,2
150,2
151,2
152,2
153,2
154,2
155,2
156,2
157,2
158,2
159,2
160,2
161,2
162,2
163,2
164,2
165,2
166,2
167,2
168,2
169,2
170,2
171,2
172,2
173,2
174,2
175,2
176,2
177,2
178,2
179,2
180,2
181,2
182,2
183,2
184,2
185,2
186,2
187,2
188,2
189,2
190,2
191,2
192,2
193,2
194,2
195,2
196,2
197,2
198,2
199,2
200,2
201,2
202,2
203,2
204,2
205,2
206,2
207,2
208,2
209,2
210,2
211,2
212,2
213,2
214,2
215,2
216,2
217,2
218,2
219,2
220,2
221,2
222,2
223,2
224,2
225,2
226,2
227,2
228,2
229,2
230,2
231,2
232,2
233,2
234,2
235,2
236,2
237,2
238,2
239,2
240,2
241,2
242,2
243,2
244,2
245,2
246,2
247,2
248,2
249,2
250,2
251,2
252,2
253,2
254,2
255,2
256,2
257,2
258,2
259,2
260,2
261,2
262,2
263,2
264,2
265,2
266,2
267,2
268,2
269,2
270,2
271,2
272,2
273,2
274,2
275,2
276,2
277,2
278,2
279,2
280,2
281,2
282,2
283,2
284,2
285,2
286,2
287,2
288,2
289,2
290,2
291,2
292,2
293,2
294,2
295,2
296,2
297,2
298,2
299,2
300,2
301,2
302,2
303,2
304,2
305,2
306,2
307,2
308,2
309,2
310,2
311,2
312,2
313,2
314,2
315,2
316,2
317,2
318,2
319,2
320,2
321,2
322,2
323,2
324,2
325,2
326,2
327,2
328,2
329,2
330,2
331,2
332,2
333,2
334,2
335,2
336,2
337,2
338,2
339,2
340,2
341,2
342,2
343,2
344,2
345,2
346,2
347,2
348,2
349,2
350,2
351,2
352,2
353,2
354,2
355,2
356,2
357,2
358,2
359,2
360,2
361,2
362,2
363,2
364,2
365,2
366,2
367,2
368,2
369,2
370,2
371,2
372,2
373,2
374,2
375,2
376,2
377,2
378,2
379,2
380,2
381,2
382,2
383,2
384,2
385,2
386,2
387,2
388,2
389,2
390,2
391,2
392,3
393,4
394,4
395,4
396,4
397,4
398,4
399,4
400,4
401,4
402,5
403,5
404,5
405,5
406,5
407,5
408,5
409,5
410,5
411,5
412,5
413,5
414,5
415,5
416,5
417,5
418,5
419,5
420,5
421,5
422,5
423,5
424,5
425,5
426,5
427,5
428,5
429,5
430,5
431,5
432,5
433,5
434,5
435,5
436,5
437,5
438,5
439,5
440,5
441,5
442,5
443,5
444,5
445,5
446,5
447,5
448,5
449,5
450,5
451,5
452,5
453,5
454,6
455,6
456,6
457,6
458,6
459,6
460,6
461,6
462,6
463,6
464,6
465,7
466,7
467,7
468,7
469,7
470,7
471,8
472,8
473,8
474,8
475,8
476,8
477,8
478,8
479,8
480,8
481,8
482,8
483,8
484,8
485,8
486,8
487,8
488,8
489,8
490,8
491,8
492,8
493,8
494,8
495,8
496,8
497,8
498,8
499,8
500,8
501,8
502,8
503,8
504,8
505,8
506,8
507,8
508,8
509,8
510,8
511,8
512,8
513,8
514,8
515,8
516,8
517,8
518,8
519,8
520,8
521,8
522,8
523,8
524,8
525,8
526,8
527,8
528,8
529,8
530,8
531,8
532,8
533,8
534,8
535,8
536,8
537,8
538,8
539,8
540,8
541,8
542,8
543,8
544,8
545,8
546,8
547,8
548,8
549,8
550,8
551,8
552,8
553,8
554,8
555,8
556,8
557,8
558,8
559,8
560,8
561,8
562,8
563,8
564,8
565,8
566,8
567,8
568,8
569,8
570,8
571,8
572,8
573,8
574,8
575,8
576,8
577,8
578,8
579,8
580,8
581,8
582,8
583,8
584,8
585,8
586,8
587,8
588,8
589,8
590,8
591,8
592,8
593,8
594,8
595,8
596,8
597,8
598,8
599,8
600,8
601,8
602,8
603,8
604,8
605,8
606,8
607,8
608,8
609,8
610,8
611,8
612,8
613,8
614,8
615,8
616,8
617,8
618,8
619,8
620,8
621,8
622,8
623,8
624,8
625,8
626,8
627,8
628,8
629,8
630,8
631,8
632,8
633,8
634,8
635,8
636,8
637,8
638,8
639,8
640,8
641,8
642,8
643,8
644,8
645,8
646,8
647,8
648,8
649,8
650,8
651,8
652,8
653,8
654,8
655,8
656,8
657,8
658,8
659,8
660,8
661,8
662,8
663,8
664,8
665,8
666,8
667,8
668,8
669,8
670,8
671,8
672,8
673,8
674,8
675,8
676,8
677,8
678,8
679,8
680,8
681,8
682,8
683,8
684,8
685,8
686,8
687,8
688,8
689,8
690,8
691,8
692,8
693,8
694,8
695,9
696,9
697,9
698,9
699,9
700,9
701,9
702,9
703,9
704,9
705,10
706,10
707,10
708,10
709,10
710,10
711,10
712,10
713,10
714,10
715,10
716,10
717,10
718,10
719,10
720,10
721,10
722,10
723,10
724,10
725,10
726,10
727,10
728,10
729,10
730,10
731,10
732,10
733,10
734,10
735,10
736,10
737,10
738,10
739,10
740,10
741,10
742,10
743,10
744,10
745,10
746,10
747,10
748,10
749,11
750,11
751,11
752,11
753,11
754,11
755,11
756,11
757,11
758,11
759,11
760,11
761,11
762,11
763,11
764,11
765,11
766,11
767,11
768,11
769,11
770,11
771,11
772,11
773,11
774,11
775,11
776,11
777,11
778,11
779,11
780,11
781,11
782,11
783,11
784,11
785,11
786,11
787,11
788,11
789,11
790,11
791,11
792,11
793,11
794,11
795,11
796,11
797,11
798,11
799,11
800,11
801,11
802,11
803,11
804,11
805,11
806,11
807,11
808,11
809,11
810,11
811,11
812,11
813,11
814,11
815,11
816,11
817,11
818,11
819,11
820,11
821,11
822,11
823,11
824,11
825,11
826,11
827,11
828,11
829,11
830,11
831,11
832,11
833,11
834,11
835,11
836,11
837,11
838,11
839,11
840,11
841,11
842,11
843,11
844,11
845,11
846,11
847,11
848,11
849,11
850,11
851,11
852,11
853,11
854,11
855,11
856,11
857,11
858,11
859,11
860,11
861,11
862,11
863,11
864,11
865,11
866,11
867,11
868,11
869,11
870,11
871,11
872,11
873,11
874,11
875,11
876,11
877,11
878,11
879,11
880,11
881,11
882,11
883,11
884,11
885,11
886,11
887,11
888,11
889,11
890,11
891,11
892,11
893,11
894,11
895,11
896,11
897,11
898,11
899,11
900,11
901,11
902,11
903,11
904,11
905,11
906,11
907,11
908,11
909,11
910,11
911,11
912,11
913,11
914,11
915,11
916,11
917,11
918,11
919,11
920,11
921,11
922,11
923,11
924,11
925,11
926,11
927,11
928,11
929,11
930,11
931,11
932,11
933,11
934,11
935,11
936,11
937,11
938,11
939,11
940,11
941,11
942,11
943,11
944,11
945,11
946,11
947,11
948,11
949,11
950,11
951,11
952,11
953,11
954,11
955,11
956,11
957,11
958,11
959,11
960,11
961,11
962,11
963,11
964,11
965,11
966,11
967,11
968,11
969,11
970,11
971,12
972,12
973,12
974,12
975,12
976,12
977,12
978,12
979,12
980,12
981,12
982,13
983,13
984,13
985,13
986,13
987,13
988,13
989,13
990,13
991,13
992,13
993,13
994,13
995,13
996,13
997,13
998,13
999,13
1000,13
1001,13
1002,13
1003,13
1004,13
1005,13
1006,13
1007,13
1008,13
1009,13
1010,13
1011,13
1012,13
1013,13
1014,13
1015,13
1016,13
1017,13
1018,13
1019,13
1020,13
1021,13
1022,13
1023,13
1024,13
1025,13
1026,13
1027,13
1028,13
1029,14
1030,14
1031,14
1032,14
1033,14
1034,14
1035,14
1036,14
1037,14
1038,14
1039,14
1040,14
1041,14
1042,14
1043,14
1044,14
1045,14
1046,14
1047,14
1048,14
1049,14
1050,14
1051,14
1052,14
1053,14
1054,14
1055,14
1056,14
1057,14
1058,14
1059,14
1060,14
1061,14
1062,14
1063,14
1064,14
1065,14
1066,14
1067,14
1068,14
1069,14
1070,14
1071,14
1072,14
1073,14
1074,14
1075,15
1076,15
1077,15
1078,15
1079,15
1080,16
1081,16
1082,16
1083,16
1084,16
1085,16
1086,16
1087,16
1088,16
1089,16
1090,16
1091,16
1092,16
1093,16
1094,16
1095,16
1096,16
1097,16
1098,16
1099,16
1100,16
1101,16
1102,16
1103,16
1104,16
1105,16
1106,16
1107,16
1108,16
1109,16
1110,16
1111,16
1112,16
1113,16
1114,16
1115,16
1116,16
1117,16
1118,16
1119,16
1120,16
1121,16
1122,16
1123,16
1124,16
1125,16
1126,16
1127,16
1128,16
1129,16
1130,16
1131,16
1132,16
1133,16
1134,16
1135,16
1136,16
1137,16
1138,16
1139,16
1140,16
1141,16
1142,16
1143,16
1144,16
1145,16
1146,16
1147,16
1148,16
1149,16
1150,16
1151,16
1152,16
1153,16
1154,16
1155,16
1156,16
1157,16
1158,16
1159,16
1160,16
1161,16
1162,16
1163,16
1164,16
1165,16
1166,16
1167,16
1168,16
1169,16
1170,16
1171,16
1172,16
1173,16
1174,16
1175,16
1176,16
1177,16
1178,16
1179,16
1180,16
1181,16
1182,16
1183,16
1184,16
1185,16
1186,16
1187,16
1188,16
1189,16
1190,16
1191,16
1192,16
1193,16
1194,16
1195,16
1196,16
1197,16
1198,16
1199,16
1200,16
1201,16
1202,16
1203,16
1204,16
1205,16
1206,16
1207,16
1208,16
1209,16
1210,16
1211,16
1212,16
1213,16
1214,16
1215,16
1216,16
1217,16
1218,16
1219,16
1220,16
1221,16
1222,16
1223,16
1224,16
1225,16
1226,16
1227,16
1228,16
1229,16
1230,16
1231,16
1232,16
1233,16
1234,16
1235,16
1236,16
1237,16
1238,16
1239,16
1240,16
1241,16
1242,16
1243,16
1244,16
1245,16
1246,16
1247,16
1248,16
1249,16
1250,16
1251,16
1252,16
1253,16
1254,16
1255,16
1256,16
1257,16
1258,16
1259,16
1260,16
1261,16
1262,16
1263,17
1264,17
1265,17
1266,17
1267,17
1268,17
1269,17
1270,17
1271,17
1272,17
1273,17
1274,17
1275,17
1276,17
1277,17
1278,17
1279,17
1280,17
1281,17
1282,17
1283,17
1284,17
1285,17
1286,17
1287,17
1288,17
1289,17
1290,17
1291,17
1292,17
1293,17
1294,17
1295,17
1296,17
1297,17
1298,17
1299,17
1300,17
1301,18
1302,18
1303,18
1304,18
1305,18
1306,18
1307,18
1308,18
1309,18
1310,18
1311,18
1312,18
1313,18
1314,18
1315,19
1316,19
1317,19
1318,19
1319,19
1320,19
1321,19
1322,19
1323,19
1324,19
1325,19
1326,19
1327,20
1328,20
1329,20
1330,20
1331,20
1332,20
1333,20
1334,20
1335,20
1336,20
1337,20
1338,20
1339,20
1340,20
1341,20
1342,20
1343,20
1344,20
1345,20
1346,20
1347,20
1348,20
1349,20
1350,20
1351,20
1352,20
1353,20
1354,20
1355,20
1356,20
1357,20
1358,20
1359,20
1360,20
1361,20
1362,20
1363,20
1364,20
1365,20
1366,20
1367,20
1368,20
1369,20
1370,20
1371,20
1372,20
1373,20
1374,20
1375,20
1376,20
1377,20
1378,20
1379,20
1380,20
1381,20
1382,20
1383,20
1384,20
1385,20
1386,20
1387,20
1388,20
1389,20
1390,20
1391,20
1392,20
1393,20
1394,20
1395,20
1396,20
1397,20
1398,20
1399,20
1400,20
1401,20
1402,20
1403,20
1404,20
1405,20
1406,20
1407,20
1408,20
1409,20
1410,20
1411,20
1412,20
1413,20
1414,20
1415,20
1416,20
1417,20
1418,20
1419,20
1420,20
1421,20
1422,20
1423,20
1424,20
1425,20
1426,20
1427,20
1428,20
1429,20
1430,20
1431,20
1432,20
1433,20
1434,20
1435,20
1436,20
1437,20
1438,20
1439,20
1440,20
1441,20
1442,20
1443,20
1444,20
1445,20
1446,20
1447,20
1448,20
1449,20
1450,20
1451,20
1452,20
1453,20
1454,20
1455,20
1456,20
1457,20
1458,20
1459,20
1460,20
1461,20
1462,20
1463,20
1464,20
1465,20
1466,20
1467,20
1468,20
1469,20
1470,20
1471,20
1472,20
1473,20
1474,20
1475,20
1476,20
1477,20
1478,20
1479,20
1480,20
1481,20
1482,20
1483,20
1484,20
1485,20
1486,20
1487,20
1488,20
1489,20
1490,20
1491,20
1492,20
1493,20
1494,20
1495,20
1496,20
1497,20
1498,20
1499,20
1500,20
1501,20
1502,20
1503,20
1504,20
1505,20
1506,20
1507,20
1508,20
1509,20
1510,20
1511,20
1512,20
1513,20
1514,20
1515,20
1516,20
1517,20
1518,20
1519,20
1520,20
1521,20
1522,20
1523,20
1524,20
1525,20
1526,20
1527,20
1528,20
1529,20
1530,20
1531,20
1532,20
1533,20
1534,20
1535,20
1536,20
1537,20
1538,20
1539,20
1540,20
1541,20
1542,20
1543,20
1544,20
1545,20
1546,20
1547,20
1548,20
1549,20
1550,20
1551,20
1552,20
1553,20
1554,20
1555,20
1556,20
1557,20
1558,20
1559,20
1560,20
1561,20
1562,20
1563,20
1564,20
1565,20
1566,20
1567,20
1568,20
1569,20
1570,20
1571,20
1572,20
1573,20
1574,20
1575,20
1576,20
1577,20
1578,20
1579,20
1580,20
1581,20
1582,20
1583,20
1584,20
1585,20
1586,20
1587,20
1588,20
1589,20
1590,20
1591,20
1592,20
1593,20
1594,20
1595,20
1596,20
1597,20
1598,20
1599,20
1600,20
1601,20
1602,20
1603,20
1604,20
1605,20
1606,20
1607,20
1608,20
1609,20
1610,20
1611,20
1612,20
1613,20
1614,20
1615,20
1616,20
1617,20
1618,20
1619,20
1620,20
1621,20
1622,20
1623,20
1624,20
1625,20
1626,20
1627,20
1628,20
1629,20
1630,20
1631,20
1632,20
1633,20
1634,20
1635,20
1636,20
1637,20
1638,20
1639,20
1640,20
1641,20
1642,20
1643,20
1644,20
1645,20
1646,20
1647,20
1648,20
1649,20
1650,20
1651,20
1652,20
1653,20
1654,20
1655,20
1656,20
1657,20
1658,20
1659,20
1660,20
1661,20
1662,20
1663,20
1664,20
1665,20
1666,20
1667,20
1668,20
1669,20
1670,20
1671,20
1672,20
1673,20
1674,20
1675,20
1676,20
1677,20
1678,20
1679,20
1680,20
1681,20
1682,20
1683,20
1684,20
1685,20
1686,20
1687,20
1688,20
1689,20
1690,20
1691,20
1692,20
1693,20
1694,20
1695,20
1696,20
1697,20
1698,20
1699,20
1700,20
1701,20
1702,20
1703,20
1704,20
1705,20
1706,20
1707,20
1708,20
1709,20
1710,20
1711,20
1712,20
1713,20
1714,20
1715,20
1716,20
1717,20
1718,20
1719,20
1720,20
1721,20
1722,20
1723,20
1724,20
1725,20
1726,20
1727,20
1728,20
1729,20
1730,20
1731,20
1732,20
1733,20
1734,20
1735,20
1736,20
1737,20
1738,20
1739,20
1740,20
1741,20
1742,20
1743,20
1744,20
1745,20
1746,20
1747,20
1748,20
1749,20
1750,20
1751,20
1752,20
1753,20
1754,20
1755,20
1756,20
1757,20
1758,20
1759,20
1760,20
1761,20
1762,20
1763,20
1764,20
1765,20
1766,20
1767,20
1768,20
1769,20
1770,20
1771,20
1772,20
1773,20
1774,20
1775,20
1776,20
1777,20
1778,20
1779,20
1780,20
1781,20
1782,20
1783,20
1784,20
1785,20
1786,20
1787,20
1788,20
1789,20
1790,20
1791,20
1792,20
1793,20
1794,20
1795,20
1796,20
1797,20
1798,20
1799,20
1800,20
1801,20
1802,20
1803,20
1804,20
1805,20
1806,20
1807,20
1808,20
1809,20
1810,20
1811,20
1812,20
1813,20
1814,20
1815,20
1816,20
1817,20
1818,20
1819,20
1820,20
1821,20
1822,20
1823,20
1824,20
1825,20
1826,20
1827,20
1828,20
1829,20
1830,20
1831,20
1832,20
1833,20
1834,20
1835,20
1836,20
1837,20
1838,20
1839,20
1840,20
1841,20
1842,20
1843,20
1844,20
1845,20
1846,20
1847,20
1848,20
1849,20
1850,20
1851,20
1852,20
1853,20
1854,20
1855,20
1856,20
1857,20
1858,20
1859,20
1860,20
1861,20
1862,20
1863,20
1864,20
1865,20
1866,20
1867,20
1868,20
1869,20
1870,20
1871,20
1872,20
1873,20
1874,20
1875,20
1876,20
1877,20
1878,20
1879,20
1880,20
1881,20
1882,20
1883,20
1884,20
1885,20
1886,20
1887,20
1888,20
1889,20
1890,20
1891,20
1892,20
1893,20
1894,20
1895,20
1896,20
1897,20
1898,20
1899,20
1900,20
1901,20
1902,20
1903,20
1904,20
1905,20
1906,20
1907,20
1908,20
1909,20
1910,20
1911,20
1912,20
1913,20
1914,20
1915,20
1916,20
1917,20
1918,20
1919,20
1920,20
1921,20
1922,20
1923,20
1924,20
1925,20
1926,20
1927,20
1928,20
1929,20
1930,20
1931,20
1932,20
1933,20
1934,20
1935,20
1936,20
1937,20
1938,20
1939,20
1940,20
1941,20
1942,20
1943,20
1944,20
1945,20
1946,20
1947,20
1948,20
1949,20
1950,20
1951,20
1952,20
1953,20
1954,20
1955,20
1956,20
1957,20
1958,20
1959,20
1960,20
1961,20
1962,20
1963,20
1964,20
1965,20
1966,20
1967,20
1968,20
1969,20
1970,20
1971,20
1972,20
1973,20
1974,20
1975,20
1976,20
1977,20
1978,20
1979,20
1980,20
1981,20
1982,20
1983,20
1984,20
1985,20
1986,20
1987,20
1988,20
1989,20
1990,20
1991,20
1992,20
1993,20
1994,20
1995,20
1996,20
1997,20
1998,20
1999,20
2000,20
2001,20
2002,20
2003,20
2004,20
2005,20
2006,20
2007,20
2008,20
2009,20
2010,20
2011,20
2012,20
2013,20
2014,20
2015,20
2016,20
2017,20
2018,20
2019,20
2020,20
2021,20
2022,20
2023,20
2024,20
2025,20
2026,20
2027,20
2028,20
2029,20
2030,20
2031,20
2032,20
2033,20
2034,20
2035,20
2036,20
2037,20
2038,20
2039,20
2040,20
2041,20
2042,20
2043,20
2044,20
2045,20
2046,20
2047,20
2048,20
2049,20
2050,20
2051,20
2052,20
2053,20
2054,20
2055,20
2056,20
2057,20
2058,20
2059,20
2060,20
2061,20
2062,20
2063,20
2064,20
2065,20
2066,20
2067,20
2068,20
2069,20
2070,20
2071,20
2072,20
2073,20
2074,20
2075,20
2076,20
2077,20
2078,20
2079,20
2080,20
2081,20
2082,20
2083,20
2084,20
2085,20
2086,20
2087,20
2088,20
2089,20
2090,20
2091,20
2092,20
2093,20
2094,20
2095,20
2096,20
2097,20
2098,20
2099,20
2100,20
2101,20
2102,20
2103,20
2104,20
2105,20
2106,20
2107,20
2108,20
2109,20
2110,20
2111,20
2112,20
2113,20
2114,20
2115,20
2116,20
2117,20
2118,20
2119,20
2120,20
2121,20
2122,20
2123,20
2124,20
2125,20
2126,20
2127,20
2128,20
2129,20
2130,20
2131,20
2132,20
2133,20
2134,20
2135,20
2136,20
2137,20
2138,20
2139,20
2140,20
2141,20
2142,20
2143,20
2144,20
2145,20
2146,20
2147,20
2148,20
2149,20
2150,20
2151,20
2152,20
2153,20
2154,20
2155,20
2156,20
2157,20
2158,20
2159,20
2160,20
2161,20
2162,20
2163,20
2164,20
2165,20
2166,20
2167,20
2168,20
2169,20
2170,20
2171,20
2172,20
2173,20
2174,20
2175,20
2176,20
2177,20
2178,20
2179,20
2180,20
2181,20
2182,20
2183,20
2184,20
2185,20
2186,20
2187,20
2188,20
2189,20
2190,20
2191,20
2192,20
2193,20
2194,20
2195,20
2196,20
2197,20
2198,20
2199,20
2200,20
2201,20
2202,20
2203,20
2204,20
2205,20
2206,20
2207,20
2208,20
2209,20
2210,20
2211,20
2212,20
2213,20
2214,20
2215,20
2216,20
2217,20
2218,20
2219,20
2220,20
2221,20
2222,20
2223,20
2224,20
2225,20
2226,20
2227,20
2228,20
2229,20
2230,20
2231,20
2232,20
2233,20
2234,20
2235,20
2236,20
2237,20
2238,20
2239,20
2240,20
2241,20
2242,20
2243,20
2244,20
2245,20
2246,20
2247,20
2248,20
2249,20
2250,20
2251,20
2252,20
2253,20
2254,20
2255,20
2256,20
2257,20
2258,20
2259,20
2260,20
2261,20
2262,20
2263,20
2264,20
2265,20
2266,20
2267,20
2268,20
2269,20
2270,20
2271,20
2272,20
2273,20
2274,20
2275,20
2276,20
2277,20
2278,20
2279,20
2280,20
2281,20
2282,20
2283,20
2284,20
2285,20
2286,20
2287,20
2288,20
2289,20
2290,20
2291,20
2292,20
2293,20
2294,20
2295,20
2296,20
2297,20
2298,20
2299,20
2300,20
2301,20
2302,20
2303,20
2304,20
2305,20
2306,20
2307,20
2308,20
2309,20
2310,20
2311,20
2312,20
2313,20
2314,20
2315,20
2316,20
2317,20
2318,20
2319,20
2320,20
2321,20
2322,20
2323,20
2324,20
2325,20
2326,20
2327,20
2328,20
2329,20
2330,20
2331,20
2332,20
2333,20
2334,20
2335,20
2336,20
2337,20
2338,20
2339,20
2340,20
2341,20
2342,20
2343,20
2344,20
2345,20
2346,20
2347,20
2348,20
2349,20
2350,20
2351,20
2352,20
2353,20
2354,20
2355,20
2356,20
2357,20
2358,20
2359,20
2360,20
2361,20
2362,20
2363,20
2364,20
2365,20
2366,20
2367,20
2368,20
2369,20
2370,20
2371,20
2372,20
2373,20
2374,20
2375,20
2376,20
2377,20
2378,20
2379,20
2380,20
2381,20
2382,20
2383,20
2384,20
2385,20
2386,20
2387,20
2388,20
2389,20
2390,20
2391,20
2392,20
2393,20
2394,20
2395,20
2396,20
2397,20
2398,20
2399,20
2400,20
2401,20
2402,20
2403,20
2404,20
2405,20
2406,20
2407,20
2408,20
2409,20
2410,20
2411,20
2412,20
2413,20
2414,20
2415,20
2416,20
2417,20
2418,20
2419,20
2420,20
2421,20
2422,20
2423,20
2424,20
2425,20
2426,20
2427,20
2428,20
2429,20
2430,20
2431,20
2432,20
2433,20
2434,20
2435,20
2436,20
2437,20
2438,20
2439,20
2440,20
2441,20
2442,20
2443,20
2444,20
2445,20
2446,20
2447,20
2448,20
2449,20
2450,20
2451,20
2452,20
2453,20
2454,20
2455,20
2456,20
2457,20
2458,20
2459,20
2460,20
2461,20
2462,20
2463,20
2464,20
2465,20
2466,20
2467,20
2468,20
2469,20
2470,20
2471,20
2472,20
2473,20
2474,20
2475,20
2476,20
2477,20
2478,20
2479,20
2480,20
2481,20
2482,20
2483,20
2484,20
2485,20
2486,20
2487,20
2488,20
2489,20
2490,20
2491,20
2492,20
2493,20
2494,20
2495,20
2496,20
2497,20
2498,20
2499,20
2500,20
2501,20
2502,20
2503,20
2504,20
2505,20
2506,20
2507,20
2508,20
2509,20
2510,20
2511,20
2512,20
2513,20
2514,20
2515,20
2516,20
2517,20
2518,20
2519,20
2520,20
2521,20
2522,20
2523,20
2524,20
2525,20
2526,20
2527,20
2528,20
2529,20
2530,20
2531,20
2532,20
2533,20
2534,20
2535,20
2536,20
2537,20
2538,20
2539,20
2540,20
2541,20
2542,20
2543,20
2544,20
2545,20
2546,20
2547,20
2548,20
2549,20
2550,20
2551,20
2552,20
2553,20
2554,20
2555,20
2556,20
2557,20
2558,20
2559,20
2560,20
2561,20
2562,20
2563,20
2564,20
2565,20
2566,20
2567,20
2568,20
2569,20
2570,20
2571,20
2572,20
2573,20
2574,20
2575,20
2576,20
2577,20
2578,20
2579,20
2580,20
2581,20
2582,20
2583,20
2584,20
2585,20
2586,20
2587,20
2588,20
2589,20
2590,20
2591,20
2592,20
2593,20
2594,20
2595,20
2596,20
2597,20
2598,20
2599,20
2600,20
2601,20
2602,20
2603,20
2604,20
2605,20
2606,20
2607,20
2608,20
2609,20
2610,20
2611,20
2612,20
2613,20
2614,20
2615,20
2616,20
2617,20
2618,20
2619,20
2620,20
2621,20
2622,20
2623,20
2624,20
2625,20
2626,20
2627,20
2628,20
2629,20
2630,20
2631,20
2632,20
2633,20
2634,20
2635,20
2636,20
2637,20
2638,20
2639,20
2640,20
2641,20
2642,20
2643,20
2644,20
2645,20
2646,20
2647,20
2648,20
2649,20
2650,20
2651,20
2652,20
2653,20
2654,20
2655,20
2656,20
2657,20
2658,20
2659,20
2660,20
2661,20
2662,20
2663,20
2664,20
2665,20
2666,20
2667,20
2668,20
2669,20
2670,20
2671,20
2672,20
2673,20
2674,20
2675,20
2676,20
2677,20
2678,20
2679,20
2680,20
2681,20
2682,20
2683,20
2684,20
2685,20
2686,20
2687,20
2688,20
2689,20
2690,20
2691,20
2692,20
2693,20
2694,20
2695,20
2696,20
2697,20
2698,20
2699,20
2700,20
2701,20
2702,20
2703,20
2704,20
2705,20
2706,20
2707,20
2708,20
2709,20
2710,20
2711,20
2712,20
2713,20
2714,20
2715,20
2716,20
2717,20
2718,20
2719,20
2720,20
2721,20
2722,20
2723,20
2724,20
2725,20
2726,20
2727,20
2728,20
2729,20
2730,20
2731,20
2732,20
2733,20
2734,20
2735,20
2736,20
2737,20
2738,20
2739,20
2740,20
2741,20
2742,20
2743,20
2744,20
2745,20
2746,20
2747,20
2748,20
2749,20
2750,20
2751,20
2752,20
2753,20
2754,20
2755,20
2756,20
2757,20
2758,20
2759,20
2760,20
2761,20
2762,20
2763,20
2764,20
2765,20
2766,20
2767,20
2768,20
2769,20
2770,20
2771,20
2772,20
2773,20
2774,20
2775,20
2776,20
2777,20
2778,20
2779,20
2780,20
2781,20
2782,20
2783,20
2784,20
2785,20
2786,20
2787,20
2788,20
2789,20
2790,20
2791,20
2792,20
2793,20
2794,20
2795,20
2796,20
2797,20
2798,20
2799,20
2800,20
2801,20
2802,20
2803,20
2804,20
2805,20
2806,20
2807,20
2808,20
2809,20
2810,20
2811,20
2812,20
2813,20
2814,20
2815,20
2816,20
2817,20
2818,20
2819,20
2820,20
2821,20
2822,20
2823,20
2824,20
2825,20
2826,20
2827,20
2828,20
2829,20
2830,20
2831,20
2832,20
2833,20
2834,20
2835,20
2836,20
2837,20
2838,20
2839,20
2840,20
2841,20
2842,20
2843,20
2844,20
2845,20
2846,20
2847,20
2848,20
2849,20
2850,20
2851,20
2852,20
2853,20
2854,20
2855,20
2856,20
2857,20
2858,20
2859,20
2860,20
2861,20
2862,20
2863,20
2864,20
2865,20
2866,20
2867,20
2868,20
2869,20
2870,20
2871,20
2872,20
2873,20
2874,20
2875,20
2876,20
2877,20
2878,20
2879,20
2880,20
2881,20
2882,20
2883,20
2884,20
2885,20
2886,20
2887,20
2888,20
2889,20
2890,20
2891,20
2892,20
2893,20
2894,20
2895,20
2896,20
2897,20
2898,20
2899,20
2900,20
2901,20
2902,20
2903,20
2904,20
2905,20
2906,20
2907,20
2908,20
2909,20
2910,20
2911,20
2912,20
2913,20
2914,20
2915,20
2916,20
2917,20
2918,20
2919,20
2920,20
2921,20
2922,20
2923,20
2924,20
2925,20
2926,20
2927,20
2928,20
2929,20
2930,20
2931,20
2932,20
2933,20
2934,20
2935,20
2936,20
2937,20
2938,20
2939,20
2940,20
2941,20
2942,20
2943,20
2944,20
2945,20
2946,20
2947,20
2948,20
2949,20
2950,20
2951,20
2952,20
2953,20
2954,20
2955,20
2956,20
2957,20
2958,20
2959,20
2960,20
2961,20
2962,20
2963,20
2964,20
2965,20
2966,20
2967,20
2968,20
2969,20
2970,20
2971,20
2972,20
2973,20
2974,20
2975,20
2976,20
2977,20
2978,20
2979,20
2980,20
2981,20
2982,20
2983,20
2984,20
2985,20
2986,20
2987,20
2988,20
2989,20
2990,20
2991,20
2992,20
2993,20
2994,20
2995,20
2996,20
2997,20
2998,20
2999,20
3000,20
3001,20
3002,20
3003,20
3004,20
3005,20
3006,20
3007,20
3008,20
3009,20
3010,20
3011,20
3012,20
3013,20
3014,20
3015,20
3016,20
3017,20
3018,20
3019,20
3020,20
3021,20
3022,20
3023,20
3024,20
3025,20
3026,20
3027,20
3028,20
3029,20
3030,20
3031,20
3032,20
3033,20
3034,20
3035,20
3036,20
3037,20
3038,20
3039,20
3040,20
3041,20
3042,20
3043,20
3044,20
3045,20
3046,20
3047,20
3048,20
3049,20
3050,20
3051,20
3052,20
3053,20
3054,20
3055,20
3056,20
3057,20
3058,20
3059,20
3060,20
3061,20
3062,20
3063,20
3064,20
3065,20
3066,20
3067,20
3068,20
3069,20
3070,20
3071,20
3072,20
3073,20
3074,20
3075,20
3076,20
3077,20
3078,20
3079,20
3080,20
3081,20
3082,20
3083,20
3084,20
3085,20
3086,20
3087,20
3088,20
3089,20
3090,20
3091,20
3092,20
3093,20
3094,20
3095,20
3096,20
3097,20
3098,20
3099,20
3100,20
3101,20
3102,20
3103,20
3104,20
3105,20
3106,20
3107,20
3108,20
3109,20
3110,20
3111,20
3112,20
3113,20
3114,20
3115,20
3116,20
3117,20
3118,20
3119,20
3120,20
3121,20
3122,20
3123,21
3124,21
3125,21
3126,21
3127,21
3128,21
3129,21
3130,21
3131,21
3132,21
3133,21
3134,21
3135,21
3136,21
3137,21
3138,21
3139,21
3140,21
3141,21
3142,21
3143,21
3144,21
3145,21
3146,21
3147,21
3148,21
3149,21
3150,21
3151,21
3152,21
3153,21
3154,21
3155,21
3156,21
3157,21
3158,21
3159,21
3160,21
3161,21
3162,21
3163,22
3164,22
3165,22
3166,22
3167,22
3168,22
3169,22
3170,22
3171,22
3172,22
3173,22
3174,22
3175,22
3176,22
3177,22
3178,22
3179,22
3180,22
3181,22
3182,22
3183,22
3184,22
3185,22
3186,22
3187,22
3188,22
3189,22
3190,22
3191,22
3192,22
3193,22
3194,22
3195,22
3196,22
3197,22
3198,22
3199,22
3200,22
3201,22
3202,22
3203,22
3204,22
3205,22
3206,22
3207,22
3208,22
3209,22
3210,22
3211,22
3212,22
3213,22
3214,22
3215,22
3216,22
3217,22
3218,22
3219,22
3220,22
3221,22
3222,22
3223,22
3224,22
3225,22
3226,22
3227,22
3228,22
3229,22
3230,22
3231,22
3232,23
3233,23
3234,23
3235,23
3236,23
3237,23
3238,24
3239,24
3240,24
3241,24
3242,24
3243,24
3244,24
3245,24
3246,24
3247,24
3248,24
3249,24
3250,24
3251,24
3252,24
3253,24
3254,24
3255,24
3256,24
3257,24
3258,24
3259,24
3260,24
3261,24
3262,24
3263,25
3264,25
3265,25
3266,25
3267,25
3268,25
3269,25
3270,25
3271,25
3272,25
3273,25
3274,25
3275,25
3276,25
3277,25
3278,25
3279,25
3280,25
3281,25
3282,25
3283,25
3284,25
3285,25
3286,25
3287,25
3288,25
3289,25
3290,25
3291,25
3292,25
3293,25
3294,25
3295,25
3296,25
3297,25
3298,25
3299,25
3300,25
3301,25
3302,25
3303,25
3304,25
3305,25
3306,25
3307,25
3308,25
3309,25
3310,25
3311,25
3312,25
3313,25
3314,25
3315,25
3316,25
3317,25
3318,25
3319,25
3320,25
3321,25
3322,25
3323,25
3324,25
3325,25
3326,25
3327,25
3328,25
3329,25
3330,25
3331,26
3332,26
3333,26
3334,27
3335,27
3336,28
3337,28
3338,28
3339,28
3340,28
3341,28
3342,28
3343,28
3344,28
3345,28
3346,28
3347,28
3348,28
3349,28
3350,28
3351,28
3352,28
3353,28
3354,28
3355,28
3356,28
3357,28
3358,28
3359,28
3360,28
3361,28
3362,28
3363,28
3364,28
3365,28
3366,28
3367,28
3368,28
3369,28
3370,28
3371,28
3372,28
3373,28
3374,28
3375,28
3376,28
3377,28
3378,28
3379,28
3380,28
3381,28
3382,28
3383,28
3384,28
3385,28
3386,28
3387,28
3388,28
3389,28
3390,28
3391,28
3392,28
3393,28
3394,28
3395,28
3396,28
3397,28
3398,28
3399,28
3400,28
3401,28
3402,28
3403,28
3404,28
3405,28
3406,28
3407,28
3408,28
3409,28
3410,28
3411,28
3412,28
3413,28
3414,28
3415,28
3416,28
3417,28
3418,28
3419,28
3420,28
3421,28
3422,28
3423,28
3424,28
3425,28
3426,28
3427,28
3428,29
3429,29
3430,29
3431,29
3432,29
3433,29
3434,29
3435,29
3436,29
3437,29
3438,29
3439,29
3440,29
3441,29
3442,29
3443,29
3444,29
3445,29
3446,29
3447,29
3448,29
3449,29
3450,29
3451,29
3452,29
3453,29
3454,29
3455,29
3456,29
3457,29
3458,29
3459,29
3460,29
3461,29
3462,29
3463,29
3464,29
3465,30
3466,30
3467,30
3468,30
3469,30
3470,30
3471,30
3472,30
3473,30
3474,30
3475,30
3476,30
3477,30
3478,30
3479,30
3480,30
3481,30
3482,30
3483,30
3484,30
3485,31
3486,31
3487,31
3488,31
3489,31
3490,31
3491,31
3492,31
3493,31
3494,31
3495,31
3496,31
3497,31
3498,31
3499,31
3500,31
3501,31
3502,31
3503,31
3504,31
3505,31
3506,31
3507,31
3508,31
3509,31
3510,31
3511,31
3512,31
3513,31
3514,31
3515,31
3516,31
3517,31
3518,31
3519,31
3520,31
3521,31
3522,31
3523,31
3524,31
3525,31
3526,31
3527,31
3528,31
3529,31
3530,31
3531,31
3532,31
3533,31
3534,31
3535,31
3536,31
3537,31
3538,31
3539,31
3540,31
3541,31
3542,31
3543,31
3544,31
3545,31
3546,31
3547,31
3548,31
3549,31
3550,31
3551,31
3552,31
3553,31
3554,31
3555,31
3556,31
3557,31
3558,31
3559,31
3560,31
3561,31
3562,31
3563,31
3564,31
3565,31
3566,31
3567,31
3568,31
3569,31
3570,31
3571,31
3572,31
3573,31
3574,31
3575,31
3576,31
3577,31
3578,31
3579,31
3580,31
3581,31
3582,31
3583,31
3584,31
3585,31
3586,31
3587,31
3588,31
3589,31
3590,31
3591,31
3592,31
3593,31
3594,31
3595,31
3596,31
3597,31
3598,31
3599,31
3600,31
3601,31
3602,31
3603,31
3604,31
3605,31
3606,31
3607,31
3608,31
3609,31
3610,31
3611,31
3612,31
3613,31
3614,31
3615,31
3616,31
3617,31
3618,31
3619,31
3620,31
3621,31
3622,31
3623,31
3624,31
3625,31
3626,31
3627,31
3628,31
3629,31
3630,31
3631,31
3632,31
3633,31
3634,31
3635,31
3636,31
3637,31
3638,31
3639,31
3640,31
3641,31
3642,31
3643,31
3644,31
3645,31
3646,31
3647,31
3648,31
3649,31
3650,31
3651,31
3652,31
3653,31
3654,31
3655,31
3656,31
3657,31
3658,31
3659,31
3660,31
3661,31
3662,31
3663,31
3664,31
3665,31
3666,31
3667,31
3668,31
3669,31
3670,31
3671,31
3672,31
3673,31
3674,31
3675,31
3676,31
3677,31
3678,31
3679,31
3680,31
3681,31
3682,31
3683,31
3684,31
3685,31
3686,31
3687,31
3688,31
3689,31
3690,31
3691,31
3692,31
3693,31
3694,31
3695,31
3696,31
3697,31
3698,31
3699,31
3700,31
3701,31
3702,31
3703,31
3704,31
3705,31
3706,31
3707,31
3708,31
3709,31
3710,31
3711,31
3712,31
3713,31
3714,31
3715,31
3716,31
3717,31
3718,31
3719,31
3720,31
3721,31
3722,31
3723,31
3724,31
3725,31
3726,31
3727,31
3728,31
3729,31
3730,31
3731,31
3732,31
3733,31
3734,31
3735,31
3736,31
3737,31
3738,31
3739,31
3740,31
3741,31
3742,31
3743,31
3744,31
3745,31
3746,31
3747,31
3748,31
3749,31
3750,31
3751,31
3752,31
3753,31
3754,31
3755,31
3756,31
3757,31
3758,31
3759,31
3760,31
3761,31
3762,31
3763,31
3764,31
3765,31
3766,31
3767,31
3768,31
3769,31
3770,31
3771,31
3772,31
3773,31
3774,31
3775,31
3776,31
3777,31
3778,31
3779,31
3780,31
3781,31
3782,31
3783,31
3784,31
3785,31
3786,31
3787,31
3788,31
3789,31
3790,31
3791,31
3792,31
3793,31
3794,31
3795,31
3796,31
3797,31
3798,31
3799,31
3800,31
3801,31
3802,31
3803,31
3804,31
3805,31
3806,31
3807,31
3808,31
3809,31
3810,31
3811,31
3812,31
3813,31
3814,31
3815,31
3816,31
3817,31
3818,31
3819,31
3820,31
3821,31
3822,31
3823,31
3824,31
3825,31
3826,31
3827,31
3828,31
3829,31
3830,31
3831,31
3832,31
3833,31
3834,31
3835,31
3836,31
3837,31
3838,31
3839,31
3840,31
3841,31
3842,31
3843,31
3844,31
3845,31
3846,31
3847,31
3848,31
3849,31
3850,31
3851,31
3852,31
3853,31
3854,31
3855,31
3856,31
3857,31
3858,31
3859,31
3860,31
3861,31
3862,31
3863,31
3864,31
3865,31
3866,31
3867,31
3868,31
3869,31
3870,31
3871,31
3872,31
3873,31
3874,31
3875,31
3876,31
3877,31
3878,31
3879,31
3880,31
3881,31
3882,31
3883,31
3884,31
3885,31
3886,31
3887,31
3888,31
3889,31
3890,31
3891,31
3892,31
3893,31
3894,31
3895,31
3896,31
3897,31
3898,31
3899,31
3900,31
3901,31
3902,31
3903,31
3904,31
3905,31
3906,31
3907,31
3908,31
3909,31
3910,31
3911,31
3912,31
3913,31
3914,31
3915,31
3916,31
3917,31
3918,31
3919,31
3920,31
3921,31
3922,31
3923,31
3924,31
3925,31
3926,31
3927,31
3928,31
3929,31
3930,31
3931,31
3932,31
3933,31
3934,31
3935,31
3936,31
3937,31
3938,31
3939,31
3940,31
3941,31
3942,31
3943,31
3944,31
3945,31
3946,31
3947,31
3948,31
3949,31
3950,31
3951,31
3952,31
3953,31
3954,31
3955,31
3956,31
3957,31
3958,31
3959,31
3960,31
3961,31
3962,31
3963,31
3964,31
3965,31
3966,31
3967,31
3968,31
3969,31
3970,31
3971,31
3972,31
3973,31
3974,31
3975,31
3976,31
3977,31
3978,31
3979,31
3980,31
3981,31
3982,31
3983,31
3984,31
3985,31
3986,31
3987,31
3988,31
3989,31
3990,31
3991,31
3992,31
3993,31
3994,31
3995,31
3996,31
3997,31
3998,31
3999,31
4000,31
4001,31
4002,31
4003,31
4004,31
4005,31
4006,31
4007,31
4008,31
4009,31
4010,31
4011,31
4012,31
4013,31
4014,31
4015,31
4016,31
4017,31
4018,31
4019,31
4020,31
4021,31
4022,31
4023,31
4024,31
4025,31
4026,31
4027,31
4028,31
4029,31
4030,31
4031,31
4032,31
4033,31
4034,31
4035,31
4036,31
4037,31
4038,31
4039,31
4040,31
4041,31
4042,31
4043,31
4044,31
4045,31
4046,31
4047,31
4048,31
4049,31
4050,31
4051,31
4052,31
4053,31
4054,31
4055,31
4056,31
4057,31
4058,31
4059,31
4060,31
4061,31
4062,31
4063,31
4064,31
4065,31
4066,31
4067,31
4068,31
4069,31
4070,31
4071,31
4072,31
4073,31
4074,31
4075,31
4076,31
4077,31
4078,31
4079,31
4080,31
4081,31
4082,31
4083,31
4084,31
4085,31
4086,31
4087,31
4088,31
4089,31
4090,31
4091,31
4092,31
4093,31
4094,31
4095,32
4096,32
4097,32
4098,32
4099,32
4100,32
4101,32
4102,32
4103,32
4104,32
4105,32
4106,32
4107,32
4108,32
4109,32
4110,32
4111,32
4112,32
4113,32
4114,32
4115,32
4116,32
4117,32
4118,32
4119,32
4120,32
4121,32
4122,32
4123,32
4124,32
4125,32
4126,32
4127,32
4128,32
4129,32
4130,32
4131,32
4132,32
4133,32
4134,32
4135,32
4136,32
4137,32
4138,32
4139,32
4140,32
4141,32
4142,32
4143,32
4144,32
4145,32
4146,32
4147,32
4148,32
4149,32
4150,32
4151,32
4152,32
4153,32
4154,32
4155,32
4156,32
4157,32
4158,32
4159,32
4160,32
4161,32
4162,32
4163,32
4164,32
4165,32
4166,32
4167,32
4168,32
4169,32
4170,32
4171,32
4172,32
4173,32
4174,32
4175,32
4176,32
4177,32
4178,32
4179,32
4180,32
4181,32
4182,32
4183,32
4184,32
4185,32
4186,32
4187,32
4188,32
4189,32
4190,32
4191,32
4192,33
4193,33
4194,33
4195,33
4196,33
4197,33
4198,33
4199,34
4200,34
4201,34
4202,34
4203,34
4204,34
4205,34
4206,34
4207,34
4208,34
4209,34
4210,34
4211,34
4212,34
4213,34
4214,34
4215,34
4216,34
4217,34
4218,34
4219,34
4220,34
4221,34
4222,34
4223,34
4224,34
4225,34
4226,34
4227,34
4228,34
4229,34
4230,34
4231,34
4232,34
4233,34
4234,34
4235,34
4236,34
4237,34
4238,34
4239,34
4240,34
4241,34
4242,34
4243,34
4244,34
4245,34
4246,34
4247,34
4248,34
4249,34
4250,34
4251,34
4252,34
4253,34
4254,34
4255,34
4256,34
4257,34
4258,34
4259,34
4260,34
4261,34
4262,34
4263,34
4264,34
4265,34
4266,34
4267,34
4268,34
4269,34
4270,34
4271,34
4272,34
4273,34
4274,34
4275,34
4276,34
4277,34
4278,34
4279,34
4280,34
4281,34
4282,34
4283,34
4284,34
4285,34
4286,34
4287,34
4288,34
4289,34
4290,34
4291,34
4292,34
4293,34
4294,34
4295,34
4296,34
4297,34
4298,34
4299,34
4300,34
4301,34
4302,34
4303,34
4304,34
4305,34
4306,34
4307,34
4308,34
4309,34
4310,34
4311,34
4312,34
4313,34
4314,34
4315,34
4316,34
4317,34
4318,34
4319,34
4320,34
4321,34
4322,34
4323,34
4324,34
4325,34
4326,34
4327,34
4328,34
4329,34
4330,34
4331,34
4332,34
4333,34
4334,34
4335,34
4336,34
4337,34
4338,34
4339,34
4340,34
4341,34
4342,34
4343,34
4344,34
4345,34
4346,34
4347,34
4348,34
4349,34
4350,34
4351,34
4352,34
4353,34
4354,34
4355,34
4356,34
4357,34
4358,34
4359,34
4360,34
4361,34
4362,34
4363,34
4364,34
4365,34
4366,34
4367,34
4368,34
4369,34
4370,34
4371,34
4372,34
4373,34
4374,34
4375,34
4376,34
4377,34
4378,34
4379,34
4380,34
4381,34
4382,34
4383,34
4384,34
4385,34
4386,34
4387,34
4388,34
4389,34
4390,34
4391,34
4392,34
4393,34
4394,34
4395,34
4396,34
4397,34
4398,34
4399,34
4400,34
4401,34
4402,34
4403,34
4404,34
4405,34
4406,34
4407,34
4408,34
4409,34
4410,34
4411,34
4412,34
4413,34
4414,34
4415,34
4416,34
4417,34
4418,34
4419,34
4420,34
4421,34
4422,34
4423,34
4424,34
4425,34
4426,34
4427,34
4428,34
4429,34
4430,34
4431,34
4432,34
4433,34
4434,34
4435,34
4436,34
4437,34
4438,34
4439,34
4440,34
4441,34
4442,34
4443,34
4444,34
4445,34
4446,34
4447,34
4448,34
4449,34
4450,34
4451,34
4452,34
4453,34
4454,34
4455,34
4456,34
4457,34
4458,34
4459,34
4460,34
4461,34
4462,34
4463,34
4464,34
4465,34
4466,34
4467,34
4468,34
4469,34
4470,34
4471,34
4472,34
4473,34
4474,34
4475,34
4476,34
4477,34
4478,34
4479,34
4480,34
4481,34
4482,34
4483,34
4484,34
4485,34
4486,34
4487,34
4488,34
4489,34
4490,34
4491,34
4492,34
4493,34
4494,34
4495,34
4496,34
4497,34
4498,34
4499,34
4500,34
4501,34
4502,34
4503,34
4504,34
4505,34
4506,34
4507,34
4508,34
4509,34
4510,34
4511,34
4512,34
4513,34
4514,34
4515,34
4516,34
4517,34
4518,34
4519,34
4520,34
4521,34
4522,34
4523,34
4524,34
4525,34
4526,34
4527,34
4528,34
4529,34
4530,34
4531,34
4532,34
4533,34
4534,34
4535,34
4536,34
4537,34
4538,34
4539,34
4540,34
4541,34
4542,34
4543,34
4544,34
4545,34
4546,34
4547,34
4548,34
4549,34
4550,34
4551,34
4552,34
4553,34
4554,34
4555,34
4556,34
4557,34
4558,34
4559,34
4560,34
4561,34
4562,34
4563,34
4564,34
4565,34
4566,34
4567,34
4568,34
4569,34
4570,34
4571,34
4572,34
4573,34
4574,34
4575,34
4576,34
4577,34
4578,34
4579,34
4580,34
4581,34
4582,35
4583,35
4584,35
4585,35
4586,35
4587,35
4588,35
4589,35
4590,35
4591,35
4592,35
4593,35
4594,35
4595,35
4596,35
4597,35
4598,35
4599,35
4600,35
4601,35
4602,35
4603,35
4604,35
4605,35
4606,35
4607,35
4608,35
4609,35
4610,35
4611,35
4612,35
4613,35
4614,35
4615,35
4616,35
4617,35
4618,35
4619,35
4620,35
4621,35
4622,35
4623,35
4624,35
4625,35
4626,35
4627,35
4628,35
4629,35
4630,35
4631,35
4632,35
4633,35
4634,35
4635,35
4636,35
4637,35
4638,35
4639,35
4640,35
4641,35
4642,35
4643,35
4644,35
4645,35
4646,35
4647,35
4648,35
4649,35
4650,35
4651,35
4652,35
4653,35
4654,35
4655,35
4656,35
4657,35
4658,35
4659,35
4660,35
4661,35
4662,35
4663,35
4664,35
4665,35
4666,35
4667,35
4668,35
4669,35
4670,35
4671,35
4672,35
4673,35
4674,35
4675,35
4676,35
4677,35
4678,35
4679,35
4680,35
4681,35
4682,35
4683,35
4684,35
4685,35
4686,35
4687,35
4688,35
4689,35
4690,35
4691,35
4692,35
4693,35
4694,35
4695,35
4696,35
4697,35
4698,35
4699,35
4700,35
4701,35
4702,35
4703,35
4704,35
4705,35
4706,35
4707,35
4708,35
4709,35
4710,35
4711,35
4712,35
4713,35
4714,35
4715,35
4716,35
4717,35
4718,35
4719,35
4720,35
4721,35
4722,35
4723,35
4724,35
4725,35
4726,35
4727,35
4728,35
4729,35
4730,35
4731,35
4732,35
4733,35
4734,35
4735,35
4736,35
4737,35
4738,35
4739,35
4740,35
4741,35
4742,35
4743,35
4744,35
4745,35
4746,35
4747,35
4748,35
4749,35
4750,35
4751,35
4752,35
4753,35
4754,35
4755,35
4756,35
4757,35
4758,35
4759,35
4760,35
4761,35
4762,35
4763,35
4764,35
4765,35
4766,35
4767,35
4768,35
4769,35
4770,35
4771,35
4772,35
4773,35
4774,35
4775,35
4776,35
4777,35
4778,35
4779,35
4780,35
4781,35
4782,35
4783,35
4784,35
4785,35
4786,35
4787,35
4788,35
4789,35
4790,35
4791,35
4792,35
4793,35
4794,35
4795,35
4796,35
4797,35
4798,35
4799,35
4800,35
4801,35
4802,35
4803,35
4804,35
4805,35
4806,35
4807,35
4808,35
4809,35
4810,35
4811,35
4812,35
4813,35
4814,35
4815,35
4816,35
4817,35
4818,35
4819,35
4820,35
4821,35
4822,35
4823,35
4824,35
4825,35
4826,35
4827,35
4828,35
4829,35
4830,35
4831,35
4832,35
4833,35
4834,35
4835,35
4836,35
4837,35
4838,35
4839,35
4840,35
4841,35
4842,35
4843,35
4844,35
4845,35
4846,35
4847,35
4848,35
4849,35
4850,35
4851,35
4852,35
4853,35
4854,35
4855,35
4856,35
4857,35
4858,35
4859,35
4860,35
4861,35
4862,35
4863,35
4864,35
4865,35
4866,35
4867,35
4868,35
4869,35
4870,35
4871,35
4872,35
4873,35
4874,35
4875,35
4876,35
4877,35
4878,35
4879,35
4880,35
4881,35
4882,35
4883,35
4884,35
4885,35
4886,35
4887,36
4888,36
4889,36
4890,36
4891,36
4892,36
4893,36
4894,36
4895,36
4896,36
4897,36
4898,36
4899,36
4900,36
4901,36
4902,37
4903,37
4904,37
4905,37
4906,37
4907,37
4908,37
4909,37
4910,37
4911,37
4912,37
4913,37
4914,37
4915,37
4916,37
4917,37
4918,37
4919,37
4920,37
4921,37
4922,37
4923,37
4924,37
4925,37
4926,37
4927,37
4928,37
4929,37
4930,37
4931,37
4932,37
4933,37
4934,37
4935,37
4936,37
4937,37
4938,37
4939,37
4940,37
4941,37
4942,37
4943,37
4944,37
4945,37
4946,37
4947,37
4948,37
4949,37
4950,37
4951,37
4952,37
4953,37
4954,37
4955,37
4956,37
4957,37
4958,37
4959,37
4960,37
4961,37
4962,37
4963,37
4964,37
4965,37
4966,37
4967,37
4968,37
4969,37
4970,37
4971,37
4972,37
4973,37
4974,37
4975,37
4976,37
4977,37
4978,37
4979,37
4980,37
4981,37
4982,37
4983,37
4984,37
4985,37
4986,37
4987,37
4988,37
4989,37
4990,37
4991,37
4992,37
4993,37
4994,37
4995,37
4996,37
4997,37
4998,37
4999,37
5000,37
5001,37
5002,37
5003,37
5004,37
5005,37
5006,37
5007,37
5008,37
5009,37
5010,37
5011,37
5012,37
5013,37
5014,37
5015,37
5016,37
5017,37
5018,37
5019,37
5020,37
5021,37
5022,37
5023,37
5024,37
5025,37
5026,37
5027,37
5028,37
5029,37
5030,37
5031,37
5032,37
5033,37
5034,37
5035,37
5036,37
5037,37
5038,37
5039,37
5040,37
5041,37
5042,37
5043,37
5044,37
5045,37
5046,37
5047,37
5048,37
5049,37
5050,37
5051,37
5052,37
5053,37
5054,37
5055,37
5056,37
5057,37
5058,37
5059,37
5060,37
5061,37
5062,37
5063,37
5064,37
5065,37
5066,37
5067,37
5068,37
5069,37
5070,37
5071,37
5072,37
5073,37
5074,37
5075,37
5076,37
5077,37
5078,37
5079,37
5080,37
5081,37
5082,37
5083,37
5084,37
5085,37
5086,37
5087,37
5088,37
5089,37
5090,37
5091,37
5092,37
5093,37
5094,37
5095,37
5096,37
5097,37
5098,37
5099,37
5100,37
5101,37
5102,37
5103,37
5104,37
5105,37
5106,37
5107,37
5108,37
5109,37
5110,37
5111,37
5112,37
5113,37
5114,37
5115,37
5116,37
5117,37
5118,37
5119,37
5120,37
5121,37
5122,37
5123,37
5124,37
5125,37
5126,37
5127,37
5128,37
5129,37
5130,37
5131,37
5132,37
5133,37
5134,37
5135,37
5136,37
5137,37
5138,37
5139,37
5140,37
5141,37
5142,37
5143,37
5144,37
5145,37
5146,37
5147,37
5148,37
5149,37
5150,37
5151,37
5152,37
5153,37
5154,37
5155,37
5156,37
5157,37
5158,37
5159,37
5160,37
5161,37
5162,37
5163,37
5164,37
5165,37
5166,37
5167,37
5168,37
5169,37
5170,37
5171,37
5172,37
5173,37
5174,37
5175,37
5176,37
5177,37
5178,37
5179,37
5180,37
5181,37
5182,37
5183,37
5184,37
5185,37
5186,37
5187,37
5188,37
5189,37
5190,37
5191,37
5192,37
5193,37
5194,37
5195,37
5196,37
5197,37
5198,37
5199,37
5200,37
5201,37
5202,37
5203,37
5204,37
5205,37
5206,37
5207,37
5208,37
5209,37
5210,37
5211,37
5212,37
5213,37
5214,37
5215,37
5216,37
5217,37
5218,37
5219,37
5220,37
5221,37
5222,37
5223,37
5224,37
5225,37
5226,37
5227,37
5228,37
5229,37
5230,37
5231,37
5232,37
5233,37
5234,37
5235,37
5236,37
5237,37
5238,37
5239,37
5240,37
5241,37
5242,37
5243,37
5244,37
5245,37
5246,37
5247,37
5248,37
5249,37
5250,37
5251,37
5252,37
5253,37
5254,37
5255,37
5256,37
5257,37
5258,37
5259,37
5260,37
5261,37
5262,37
5263,37
5264,37
5265,37
5266,37
5267,37
5268,37
5269,37
5270,37
5271,37
5272,37
5273,37
5274,37
5275,37
5276,37
5277,37
5278,37
5279,37
5280,37
5281,37
5282,37
5283,37
5284,37
5285,37
5286,37
5287,37
5288,37
5289,37
5290,37
5291,37
5292,37
5293,37
5294,37
5295,37
5296,37
5297,37
5298,37
5299,37
5300,37
5301,37
5302,37
5303,37
5304,37
5305,37
5306,37
5307,37
5308,37
5309,37
5310,37
5311,37
5312,37
5313,37
5314,37
5315,37
5316,37
5317,37
5318,37
5319,37
5320,37
5321,37
5322,37
5323,37
5324,37
5325,37
5326,37
5327,37
5328,37
5329,37
5330,37
5331,37
5332,38
5333,38
5334,38
5335,38
5336,38
5337,38
5338,38
5339,38
5340,38
5341,38
5342,38
5343,38
5344,38
5345,38
5346,38
5347,38
5348,38
5349,38
5350,38
5351,38
5352,38
5353,38
5354,38
5355,38
5356,38
5357,38
5358,38
5359,38
5360,38
5361,38
5362,38
5363,38
5364,38
5365,38
5366,38
5367,38
5368,38
5369,38
5370,38
5371,38
5372,38
5373,38
5374,38
5375,38
5376,38
5377,38
5378,38
5379,38
5380,38
5381,38
5382,38
5383,38
5384,38
5385,38
5386,38
5387,38
5388,38
5389,38
5390,38
5391,38
5392,38
5393,38
5394,38
5395,38
5396,38
5397,38
5398,38
5399,38
5400,38
5401,38
5402,38
5403,38
5404,38
5405,38
5406,38
5407,38
5408,38
5409,38
5410,38
5411,38
5412,38
5413,38
5414,38
5415,38
5416,38
5417,38
5418,38
5419,38
5420,38
5421,38
5422,38
5423,38
5424,38
5425,38
5426,38
5427,38
5428,38
5429,38
5430,38
5431,38
5432,38
5433,38
5434,38
5435,38
5436,38
5437,38
5438,38
5439,38
5440,38
5441,38
5442,38
5443,38
5444,38
5445,38
5446,38
5447,38
5448,38
5449,38
5450,38
5451,38
5452,38
5453,38
5454,38
5455,38
5456,38
5457,38
5458,38
5459,38
5460,38
5461,38
5462,38
5463,38
5464,38
5465,38
5466,38
5467,38
5468,38
5469,38
5470,38
5471,38
5472,38
5473,38
5474,38
5475,38
5476,38
5477,38
5478,38
5479,38
5480,38
5481,38
5482,38
5483,38
5484,38
5485,38
5486,38
5487,38
5488,38
5489,38
5490,38
5491,38
5492,38
5493,38
5494,38
5495,38
5496,38
5497,38
5498,38
5499,38
5500,38
5501,38
5502,38
5503,38
5504,38
5505,38
5506,38
5507,38
5508,38
5509,38
5510,38
5511,38
5512,38
5513,38
5514,38
5515,38
5516,38
5517,38
5518,38
5519,38
5520,38
5521,38
5522,38
5523,38
5524,38
5525,38
5526,38
5527,38
5528,38
5529,38
5530,38
5531,38
5532,38
5533,38
5534,38
5535,38
5536,38
5537,38
5538,38
5539,38
5540,38
5541,38
5542,38
5543,38
5544,38
5545,38
5546,38
5547,38
5548,38
5549,38
5550,38
5551,38
5552,38
5553,38
5554,38
5555,38
5556,38
5557,38
5558,38
5559,38
5560,38
5561,38
5562,38
5563,38
5564,38
5565,38
5566,38
5567,38
5568,38
5569,38
5570,38
5571,38
5572,38
5573,38
5574,38
5575,38
5576,38
5577,38
5578,38
5579,38
5580,38
5581,38
5582,38
5583,38
5584,38
5585,38
5586,38
5587,38
5588,38
5589,38
5590,38
5591,38
5592,38
5593,38
5594,38
5595,38
5596,38
5597,38
5598,38
5599,38
5600,38
5601,38
5602,38
5603,38
5604,38
5605,38
5606,38
5607,38
5608,38
5609,38
5610,38
5611,38
5612,38
5613,38
5614,38
5615,38
5616,38
5617,38
5618,38
5619,38
5620,38
5621,38
5622,38
5623,38
5624,38
5625,38
5626,38
5627,38
5628,38
5629,38
5630,38
5631,38
5632,38
5633,38
5634,38
5635,38
5636,38
5637,38
5638,38
5639,38
5640,38
5641,38
5642,38
5643,38
5644,38
5645,38
5646,38
5647,38
5648,38
5649,38
5650,38
5651,38
5652,38
5653,38
5654,38
5655,38
5656,38
5657,38
5658,38
5659,38
5660,38
5661,38
5662,38
5663,38
5664,38
5665,38
5666,38
5667,38
5668,38
5669,38
5670,38
5671,38
5672,38
5673,38
5674,38
5675,38
5676,38
5677,38
5678,38
5679,38
5680,38
5681,38
5682,38
5683,38
5684,38
5685,38
5686,38
5687,38
5688,38
5689,38
5690,38
5691,38
5692,38
5693,38
5694,38
5695,38
5696,38
5697,38
5698,38
5699,38
5700,38
5701,38
5702,38
5703,38
5704,38
5705,38
5706,38
5707,38
5708,38
5709,38
5710,38
5711,38
5712,38
5713,38
5714,38
5715,38
5716,38
5717,38
5718,38
5719,38
5720,38
5721,38
5722,38
5723,38
5724,38
5725,38
5726,38
5727,38
5728,38
5729,38
5730,38
5731,38
5732,38
5733,38
5734,38
5735,38
5736,38
5737,38
5738,38
5739,38
5740,38
5741,38
5742,38
5743,38
5744,38
5745,38
5746,38
5747,38
5748,38
5749,38
5750,38
5751,38
5752,38
5753,38
5754,38
5755,38
5756,38
5757,38
5758,38
5759,38
5760,38
5761,38
5762,38
5763,38
5764,38
5765,38
5766,38
5767,38
5768,38
5769,38
5770,38
5771,38
5772,38
5773,38
5774,38
5775,38
5776,38
5777,38
5778,38
5779,38
5780,38
5781,38
5782,38
5783,38
5784,38
5785,38
5786,38
5787,38
5788,38
5789,38
5790,38
5791,38
5792,38
5793,38
5794,38
5795,38
5796,38
5797,38
5798,38
5799,38
5800,38
5801,38
5802,38
5803,38
5804,38
5805,38
5806,38
5807,38
5808,38
5809,38
5810,38
5811,38
5812,38
5813,38
5814,38
5815,38
5816,38
5817,38
5818,38
5819,38
5820,38
5821,38
5822,38
5823,38
5824,38
5825,38
5826,38
5827,38
5828,38
5829,38
5830,38
5831,38
5832,38
5833,38
5834,38
5835,38
5836,38
5837,38
5838,38
5839,38
5840,38
5841,38
5842,38
5843,38
5844,38
5845,38
5846,38
5847,38
5848,38
5849,38
5850,38
5851,38
5852,38
5853,38
5854,38
5855,38
5856,38
5857,38
5858,38
5859,38
5860,38
5861,38
5862,38
5863,38
5864,38
5865,38
5866,38
5867,38
5868,38
5869,38
5870,38
5871,38
5872,38
5873,38
5874,38
5875,38
5876,38
5877,38
5878,38
5879,38
5880,38
5881,38
5882,38
5883,38
5884,38
5885,38
5886,38
5887,38
5888,38
5889,38
5890,38
5891,38
5892,38
5893,38
5894,38
5895,38
5896,38
5897,38
5898,38
5899,38
5900,38
5901,38
5902,38
5903,38
5904,38
5905,38
5906,38
5907,38
5908,38
5909,38
5910,38
5911,38
5912,38
5913,38
5914,38
5915,38
5916,38
5917,38
5918,38
5919,38
5920,38
5921,38
5922,38
5923,38
5924,38
5925,38
5926,38
5927,38
5928,38
5929,38
5930,38
5931,38
5932,38
5933,38
5934,38
5935,38
5936,38
5937,38
5938,38
5939,38
5940,38
5941,38
5942,38
5943,38
5944,38
5945,38
5946,38
5947,38
5948,38
5949,38
5950,38
5951,38
5952,38
5953,38
5954,38
5955,38
5956,38
5957,38
5958,38
5959,38
5960,38
5961,38
5962,38
5963,38
5964,38
5965,38
5966,38
5967,38
5968,38
5969,38
5970,38
5971,38
5972,38
5973,38
5974,38
5975,38
5976,38
5977,39
5978,39
5979,39
5980,39
5981,39
5982,39
5983,39
5984,39
5985,39
5986,39
5987,39
5988,39
5989,39
5990,39
5991,39
5992,39
5993,39
5994,39
5995,39
5996,39
5997,39
5998,39
5999,39
6000,39
6001,39
6002,39
6003,39
6004,39
6005,39
6006,39
6007,39
6008,39
6009,39
6010,39
6011,39
6012,39
6013,39
6014,39
6015,39
6016,39
6017,39
6018,39
6019,39
6020,39
6021,39
6022,39
6023,39
6024,39
6025,39
6026,39
6027,39
6028,39
6029,39
6030,39
6031,39
6032,39
6033,39
6034,39
6035,39
6036,39
6037,39
6038,39
6039,39
6040,39
6041,39
6042,39
6043,39
6044,39
6045,39
6046,39
6047,39
6048,39
6049,39
6050,39
6051,39
6052,39
6053,39
6054,39
6055,39
6056,39
6057,39
6058,39
6059,39
6060,39
6061,39
6062,39
6063,39
6064,39
6065,39
6066,39
6067,39
6068,39
6069,39
6070,39
6071,39
6072,39
6073,39
6074,39
6075,39
6076,39
6077,39
6078,39
6079,39
6080,39
6081,39
6082,39
6083,39
6084,39
6085,39
6086,39
6087,39
6088,39
6089,39
6090,39
6091,39
6092,39
6093,39
6094,39
6095,39
6096,39
6097,39
6098,39
6099,39
6100,39
6101,39
6102,39
6103,39
6104,39
6105,39
6106,39
6107,39
6108,39
6109,39
6110,39
6111,39
6112,39
6113,39
6114,39
6115,39
6116,39
6117,39
6118,39
6119,39
6120,39
6121,39
6122,39
6123,39
6124,39
6125,39
6126,39
6127,39
6128,39
6129,39
6130,40
6131,40
6132,40
6133,40
6134,40
6135,40
6136,40
6137,40
6138,40
6139,40
6140,40
6141,40
6142,40
6143,40
6144,40
6145,40
6146,40
6147,40
6148,40
6149,40
6150,40
6151,40
6152,40
6153,40
6154,40
6155,40
6156,40
6157,40
6158,40
6159,40
6160,40
6161,40
6162,40
6163,40
6164,40
6165,40
6166,40
6167,40
6168,40
6169,40
6170,40
6171,40
6172,40
6173,40
6174,40
6175,40
6176,40
6177,40
6178,40
6179,40
6180,40
6181,40
6182,40
6183,40
6184,40
6185,40
6186,40
6187,40
6188,40
6189,40
6190,40
6191,40
6192,40
6193,40
6194,40
6195,40
6196,40
6197,40
6198,40
6199,40
6200,40
6201,40
6202,40
6203,40
6204,40
6205,40
6206,40
6207,40
6208,40
6209,40
6210,40
6211,40
6212,40
6213,40
6214,40
6215,40
6216,40
6217,40
6218,40
6219,40
6220,40
6221,40
6222,40
6223,40
6224,40
6225,40
6226,40
6227,40
6228,40
6229,40
6230,40
6231,40
6232,40
6233,40
6234,40
6235,40
6236,40
6237,40
6238,40
6239,40
6240,40
6241,40
6242,40
6243,40
6244,40
6245,40
6246,40
6247,40
6248,40
6249,40
6250,40
6251,40
6252,40
6253,40
6254,40
6255,40
6256,40
6257,40
6258,40
6259,40
6260,40
6261,40
6262,40
6263,40
6264,40
6265,40
6266,40
6267,40
6268,40
6269,40
6270,40
6271,40
6272,40
6273,40
6274,40
6275,40
6276,40
6277,40
6278,40
6279,40
6280,40
6281,40
6282,40
6283,40
6284,40
6285,40
6286,40
6287,40
6288,40
6289,40
6290,40
6291,40
6292,40
6293,40
6294,40
6295,40
6296,40
6297,40
6298,40
6299,40
6300,40
6301,40
6302,40
6303,40
6304,40
6305,40
6306,40
6307,40
6308,40
6309,40
6310,40
6311,40
6312,40
6313,40
6314,40
6315,40
6316,41
6317,41
6318,41
6319,41
6320,41
6321,41
6322,41
6323,41
6324,41
6325,41
6326,41
6327,41
6328,41
6329,41
6330,41
6331,41
6332,41
6333,41
6334,41
6335,41
6336,41
6337,41
6338,41
6339,41
6340,41
6341,41
6342,41
6343,41
6344,41
6345,41
6346,41
6347,41
6348,41
6349,41
6350,41
6351,41
6352,41
6353,41
6354,41
6355,41
6356,41
6357,41
6358,41
6359,41
6360,41
6361,41
6362,41
6363,41
6364,41
6365,41
6366,41
6367,41
6368,41
6369,41
6370,41
6371,41
6372,41
6373,42
6374,42
6375,42
6376,42
6377,42
6378,42
6379,42
6380,42
6381,42
6382,42
6383,42
6384,42
6385,42
6386,42
6387,42
6388,42
6389,42
6390,42
6391,42
6392,42
6393,42
6394,42
6395,42
6396,42
6397,42
6398,42
6399,42
6400,42
6401,42
6402,42
6403,42
6404,42
6405,42
6406,42
6407,42
6408,42
6409,42
6410,42
6411,42
6412,42
6413,42
6414,42
6415,42
6416,42
6417,42
6418,42
6419,42
6420,42
6421,42
6422,42
6423,42
6424,42
6425,42
6426,42
6427,42
6428,42
6429,42
6430,42
6431,42
6432,42
6433,42
6434,42
6435,42
6436,42
6437,42
6438,42
6439,42
6440,42
6441,42
6442,42
6443,42
6444,42
6445,42
6446,42
6447,42
6448,42
6449,42
6450,42
6451,42
6452,42
6453,42
6454,42
6455,42
6456,42
6457,42
6458,42
6459,42
6460,42
6461,42
6462,42
6463,42
6464,42
6465,42
6466,42
6467,42
6468,42
6469,42
6470,42
6471,42
6472,42
6473,42
6474,42
6475,42
6476,42
6477,42
6478,42
6479,42
6480,42
6481,42
6482,42
6483,42
6484,42
6485,42
6486,42
6487,42
6488,42
6489,42
6490,42
6491,42
6492,42
6493,42
6494,42
6495,42
6496,42
6497,42
6498,42
6499,42
6500,42
6501,42
6502,42
6503,42
6504,42
6505,42
6506,42
6507,42
6508,42
6509,42
6510,42
6511,42
6512,42
6513,42
6514,42
6515,42
6516,42
6517,42
6518,42
6519,42
6520,42
6521,42
6522,42
6523,42
6524,42
6525,42
6526,42
6527,42
6528,42
6529,42
6530,42
6531,42
6532,42
6533,42
6534,42
6535,42
6536,42
6537,43
6538,43
6539,43
6540,43
6541,43
6542,43
6543,43
6544,43
6545,43
6546,43
6547,43
6548,43
6549,43
6550,43
6551,43
6552,43
6553,43
6554,43
6555,43
6556,43
6557,43
6558,43
6559,43
6560,43
6561,43
6562,43
6563,43
6564,43
6565,43
6566,43
6567,43
6568,43
6569,43
6570,43
6571,43
6572,43
6573,43
6574,43
6575,43
6576,43
6577,43
6578,43
6579,43
6580,43
6581,43
6582,43
6583,43
6584,43
6585,43
6586,43
6587,43
6588,43
6589,43
6590,43
6591,43
6592,43
6593,43
6594,43
6595,43
6596,43
6597,43
6598,43
6599,43
6600,43
6601,43
6602,43
6603,43
6604,43
6605,43
6606,43
6607,43
6608,43
6609,43
6610,43
6611,43
6612,43
6613,43
6614,43
6615,43
6616,43
6617,43
6618,43
6619,43
6620,43
6621,43
6622,43
6623,43
6624,43
6625,43
6626,43
6627,43
6628,43
6629,43
6630,43
6631,43
6632,43
6633,43
6634,43
6635,43
6636,43
6637,43
6638,43
6639,43
6640,43
6641,44
6642,44
6643,44
6644,44
6645,44
6646,44
6647,44
6648,44
6649,44
6650,44
6651,44
6652,44
6653,44
6654,44
6655,44
6656,44
6657,44
6658,44
6659,44
6660,44
6661,44
6662,44
6663,44
6664,44
6665,44
6666,44
6667,44
6668,44
6669,44
6670,44
6671,44
6672,44
6673,44
6674,44
6675,44
6676,44
6677,44
6678,44
6679,44
6680,44
6681,44
6682,44
6683,44
6684,44
6685,44
6686,44
6687,44
6688,44
6689,44
6690,44
6691,44
6692,44
6693,44
6694,44
6695,44
6696,44
6697,44
6698,44
6699,44
6700,44
6701,44
6702,44
6703,44
6704,44
6705,44
6706,44
6707,44
6708,44
6709,44
6710,44
6711,44
6712,44
6713,44
6714,44
6715,44
6716,44
6717,44
6718,44
6719,44
6720,44
6721,44
6722,44
6723,44
6724,44
6725,44
6726,44
6727,44
6728,44
6729,44
6730,44
6731,44
6732,44
6733,44
6734,44
6735,44
6736,44
6737,44
6738,44
6739,44
6740,44
6741,44
6742,44
6743,44
6744,44
6745,44
6746,44
6747,44
6748,44
6749,44
6750,44
6751,44
6752,44
6753,44
6754,44
6755,44
6756,44
6757,44
6758,44
6759,44
6760,44
6761,44
6762,44
6763,44
6764,44
6765,44
6766,44
6767,44
6768,44
6769,44
6770,44
6771,44
6772,44
6773,44
6774,44
6775,44
6776,44
6777,44
6778,44
6779,44
6780,44
6781,44
6782,44
6783,44
6784,44
6785,44
6786,44
6787,44
6788,44
6789,44
6790,44
6791,44
6792,44
6793,44
6794,44
6795,44
6796,44
6797,44
6798,44
6799,44
6800,44
6801,44
6802,44
6803,44
6804,44
6805,44
6806,44
6807,44
6808,44
6809,44
6810,44
6811,44
6812,44
6813,44
6814,44
6815,44
6816,44
6817,44
6818,44
6819,44
6820,44
6821,44
6822,44
6823,44
6824,44
6825,44
6826,44
6827,44
6828,44
6829,44
6830,44
6831,44
6832,44
6833,44
6834,44
6835,44
6836,44
6837,44
6838,44
6839,44
6840,44
6841,44
6842,44
6843,44
6844,44
6845,44
6846,44
6847,44
6848,44
6849,44
6850,44
6851,44
6852,44
6853,44
6854,44
6855,44
6856,44
6857,44
6858,44
6859,44
6860,44
6861,44
6862,44
6863,44
6864,44
6865,44
6866,44
6867,44
6868,44
6869,44
6870,44
6871,44
6872,44
6873,44
6874,44
6875,44
6876,44
6877,44
6878,44
6879,44
6880,44
6881,44
6882,44
6883,44
6884,44
6885,44
6886,44
6887,44
6888,44
6889,44
6890,44
6891,44
6892,44
6893,44
6894,44
6895,44
6896,44
6897,44
6898,44
6899,44
6900,44
6901,44
6902,44
6903,44
6904,44
6905,44
6906,44
6907,44
6908,44
6909,44
6910,44
6911,44
6912,44
6913,44
6914,44
6915,44
6916,44
6917,44
6918,44
6919,44
6920,44
6921,44
6922,44
6923,44
6924,44
6925,44
6926,44
6927,44
6928,44
6929,44
6930,44
6931,44
6932,44
6933,44
6934,44
6935,44
6936,44
6937,44
6938,44
6939,44
6940,44
6941,44
6942,44
6943,44
6944,44
6945,44
6946,44
6947,44
6948,44
6949,44
6950,44
6951,44
6952,44
6953,44
6954,44
6955,44
6956,44
6957,44
6958,44
6959,44
6960,44
6961,44
6962,44
6963,44
6964,44
6965,44
6966,44
6967,44
6968,44
6969,44
6970,44
6971,44
6972,44
6973,44
6974,44
6975,44
6976,44
6977,44
6978,44
6979,44
6980,44
6981,44
6982,44
6983,44
6984,44
6985,44
6986,44
6987,44
6988,44
6989,44
6990,44
6991,44
6992,44
6993,44
6994,44
6995,44
6996,44
6997,44
6998,44
6999,44
7000,44
7001,44
7002,44
7003,44
7004,44
7005,44
7006,44
7007,44
7008,44
7009,44
7010,44
7011,44
7012,44
7013,44
7014,44
7015,44
7016,44
7017,44
7018,44
7019,44
7020,44
7021,44
7022,44
7023,44
7024,44
7025,44
7026,44
7027,44
7028,44
7029,45
7030,45
7031,45
7032,45
7033,45
7034,45
7035,45
7036,45
7037,45
7038,45
7039,45
7040,45
7041,45
7042,45
7043,45
7044,45
7045,45
7046,45
7047,45
7048,45
7049,45
7050,45
7051,45
7052,45
7053,45
7054,45
7055,45
7056,45
7057,45
7058,45
7059,45
7060,45
7061,45
7062,45
7063,45
7064,45
7065,45
7066,45
7067,45
7068,45
7069,45
7070,45
7071,45
7072,45
7073,45
7074,45
7075,45
7076,45
7077,45
7078,45
7079,45
7080,45
7081,45
7082,45
7083,45
7084,45
7085,45
7086,45
7087,45
7088,45
7089,46
7090,46
7091,46
7092,46
7093,46
7094,46
7095,46
7096,46
7097,46
7098,46
7099,46
7100,46
7101,46
7102,46
7103,46
7104,46
7105,46
7106,46
7107,46
7108,46
7109,46
7110,46
7111,46
7112,46
7113,46
7114,46
7115,46
7116,46
7117,46
7118,46
7119,46
7120,46
7121,46
7122,46
7123,46
7124,46
7125,46
7126,46
7127,46
7128,46
7129,46
7130,46
7131,46
7132,46
7133,46
7134,46
7135,46
7136,46
7137,46
7138,46
7139,46
7140,46
7141,46
7142,46
7143,47
7144,48
7145,48
7146,48
7147,48
7148,48
7149,48
7150,48
7151,48
7152,48
7153,48
7154,48
7155,48
7156,48
7157,48
7158,48
7159,49
7160,49
7161,49
7162,49
7163,49
7164,49
7165,49
7166,49
7167,49
7168,49
7169,49
7170,49
7171,49
7172,49
7173,49
7174,49
7175,49
7176,49
7177,49
7178,49
7179,49
7180,49
7181,49
7182,49
7183,49
7184,49
7185,49
7186,49
7187,49
7188,49
7189,49
7190,49
7191,49
7192,49
7193,49
7194,49
7195,49
7196,49
7197,49
7198,49
7199,49
7200,49
7201,49
7202,49
7203,49
7204,49
7205,49
7206,49
7207,49
7208,49
7209,49
7210,49
7211,49
7212,49
7213,49
7214,49
7215,49
7216,49
7217,49
7218,49
7219,49
7220,49
7221,49
7222,49
7223,49
7224,49
7225,49
7226,49
7227,49
7228,49
7229,49
7230,49
7231,49
7232,49
7233,49
7234,49
7235,49
7236,49
7237,49
7238,49
7239,49
7240,49
7241,50
7242,50
7243,50
7244,50
7245,50
7246,50
7247,50
7248,50
7249,50
7250,50
7251,50
7252,50
7253,50
7254,50
7255,50
7256,50
7257,50
7258,50
7259,50
7260,50
7261,50
7262,50
7263,50
7264,50
7265,50
7266,50
7267,50
7268,50
7269,50
7270,50
7271,50
7272,50
7273,50
7274,50
7275,50
7276,50
7277,50
7278,50
7279,50
7280,50
7281,50
7282,50
7283,50
7284,50
7285,50
7286,50
7287,50
7288,50
7289,50
7290,50
7291,50
7292,50
7293,50
7294,50
7295,50
7296,50
7297,50
7298,50
7299,50
7300,50
7301,50
7302,50
7303,50
7304,50
7305,50
7306,50
7307,50
7308,50
7309,50
7310,50
7311,50
7312,50
7313,50
7314,50
7315,50
7316,50
7317,50
7318,50
7319,50
7320,50
7321,50
7322,50
7323,50
7324,50
7325,50
7326,50
7327,50
7328,50
7329,50
7330,50
7331,50
7332,50
7333,50
7334,50
7335,50
7336,50
7337,50
7338,50
7339,50
7340,50
7341,50
7342,50
7343,50
7344,50
7345,50
7346,50
7347,50
7348,50
7349,50
7350,50
7351,50
7352,50
7353,50
7354,50
7355,50
7356,50
7357,50
7358,50
7359,50
7360,50
7361,50
7362,50
7363,50
7364,50
7365,50
7366,50
7367,51
7368,51
7369,51
7370,51
7371,51
7372,51
7373,51
7374,51
7375,51
7376,51
7377,51
7378,51
7379,51
7380,51
7381,51
7382,51
7383,51
7384,51
7385,51
7386,51
7387,51
7388,51
7389,51
7390,51
7391,51
7392,51
7393,51
7394,51
7395,51
7396,51
7397,51
7398,51
7399,51
7400,51
7401,51
7402,51
7403,51
7404,51
7405,51
7406,51
7407,51
7408,51
7409,51
7410,51
7411,51
7412,51
7413,51
7414,51
7415,51
7416,51
7417,51
7418,51
7419,51
7420,51
7421,51
7422,51
7423,51
7424,51
7425,51
7426,51
7427,51
7428,51
7429,51
7430,51
7431,51
7432,51
7433,51
7434,51
7435,51
7436,51
7437,51
7438,51
7439,51
7440,51
7441,51
7442,51
7443,51
7444,51
7445,51
7446,51
7447,51
7448,51
7449,51
7450,51
7451,51
7452,51
7453,51
7454,51
7455,51
7456,51
7457,51
7458,51
7459,51
7460,51
7461,51
7462,51
7463,51
7464,51
7465,51
7466,51
7467,51
7468,51
7469,51
7470,51
7471,51
7472,51
7473,51
7474,51
7475,51
7476,51
7477,51
7478,51
7479,51
7480,51
7481,51
7482,51
7483,51
7484,51
7485,51
7486,51
7487,51
7488,51
7489,51
7490,51
7491,51
7492,51
7493,51
7494,51
7495,52
7496,52
7497,52
7498,52
7499,52
7500,52
7501,52
7502,52
7503,52
7504,52
7505,52
7506,52
7507,52
7508,52
7509,52
7510,52
7511,52
7512,52
7513,52
7514,52
7515,52
7516,52
7517,52
7518,52
7519,52
7520,52
7521,52
7522,52
7523,52
7524,52
7525,52
7526,52
7527,52
7528,52
7529,53
7530,53
7531,53
7532,53
7533,53
7534,53
7535,53
7536,53
7537,53
7538,53
7539,53
7540,53
7541,53
7542,53
7543,53
7544,53
7545,53
7546,53
7547,54
7548,54
7549,54
7550,54
7551,54
7552,54
7553,54
7554,55
7555,55
7556,55
7557,55
7558,55
7559,55
7560,55
7561,55
7562,55
7563,55
7564,55
7565,55
7566,55
7567,55
7568,55
7569,55
7570,55
7571,55
7572,55
7573,55
7574,55
7575,55
7576,55
7577,55
7578,55
7579,55
7580,55
7581,55
7582,55
7583,55
7584,55
7585,55
7586,55
7587,55
7588,55
7589,55
7590,55
7591,55
7592,55
7593,55
7594,55
7595,55
7596,55
7597,55
7598,55
7599,55
7600,55
7601,55
7602,55
7603,55
7604,55
7605,55
7606,55
7607,55
7608,55
7609,55
7610,55
7611,55
7612,55
7613,55
7614,55
7615,55
7616,55
7617,55
7618,55
7619,55
7620,55
7621,55
7622,55
7623,55
7624,55
7625,55
7626,55
7627,55
7628,55
7629,55
7630,55
7631,55
7632,55
7633,55
7634,55
7635,55
7636,55
7637,55
7638,55
7639,55
7640,55
7641,55
7642,55
7643,55
7644,55
7645,55
7646,55
7647,55
7648,55
7649,55
7650,55
7651,55
7652,55
7653,55
7654,55
7655,55
7656,55
7657,55
7658,55
7659,55
7660,55
7661,55
7662,55
7663,55
7664,55
7665,55
7666,55
7667,55
7668,55
7669,56
7670,56
7671,56
7672,56
7673,56
7674,56
7675,56
7676,56
7677,56
7678,56
7679,56
7680,56
7681,56
7682,56
7683,56
7684,57
7685,57
7686,57
7687,57
7688,57
7689,57
7690,57
7691,57
7692,57
7693,57
7694,57
7695,57
7696,57
7697,57
7698,57
7699,57
7700,57
7701,57
7702,57
7703,57
7704,57
7705,57
7706,57
7707,57
7708,57
7709,57
7710,57
7711,57
7712,57
7713,57
7714,57
7715,57
7716,57
7717,57
7718,57
7719,57
7720,57
7721,57
7722,57
7723,57
7724,57
7725,57
7726,57
7727,57
7728,57
7729,57
7730,57
7731,57
7732,57
7733,57
7734,57
7735,57
7736,57
7737,57
7738,57
7739,57
7740,57
7741,57
7742,57
7743,57
7744,57
7745,57
7746,57
7747,57
7748,57
7749,57
7750,57
7751,57
7752,57
7753,57
7754,57
7755,57
7756,57
7757,57
7758,57
7759,57
7760,57
7761,57
7762,57
7763,57
7764,57
7765,57
7766,57
7767,57
7768,57
7769,57
7770,57
7771,57
7772,57
7773,57
7774,57
7775,57
7776,57
7777,57
7778,57
7779,57
7780,57
7781,57
7782,57
7783,57
7784,57
7785,57
7786,57
7787,57
7788,57
7789,57
7790,57
7791,57
7792,57
7793,57
7794,57
7795,57
7796,57
7797,57
7798,57
7799,57
7800,57
7801,57
7802,57
7803,57
7804,57
7805,57
7806,57
7807,57
7808,57
7809,57
7810,57
7811,57
7812,57
7813,57
7814,57
7815,57
7816,57
7817,57
7818,57
7819,57
7820,57
7821,57
7822,57
7823,57
7824,57
7825,57
7826,57
7827,57
7828,57
7829,57
7830,57
7831,57
7832,57
7833,57
7834,57
7835,57
7836,57
7837,57
7838,57
7839,57
7840,57
7841,57
7842,57
7843,57
7844,57
7845,57
7846,57
7847,57
7848,57
7849,57
7850,57
7851,57
7852,57
7853,57
7854,57
7855,57
7856,57
7857,57
7858,57
7859,57
7860,57
7861,57
7862,57
7863,57
7864,57
7865,57
7866,57
7867,58
7868,58
7869,58
7870,58
7871,58
7872,58
7873,58
7874,58
7875,58
7876,58
7877,58
7878,58
7879,58
7880,58
7881,58
7882,58
7883,58
7884,58
7885,58
7886,58
7887,58
7888,58
7889,58
7890,58
7891,58
7892,58
7893,58
7894,58
7895,58
7896,58
7897,58
7898,58
7899,58
7900,58
7901,58
7902,58
7903,58
7904,58
7905,58
7906,58
7907,58
7908,58
7909,58
7910,58
7911,58
7912,59
7913,59
7914,59
7915,59
7916,59
7917,59
7918,59
7919,59
7920,59
7921,59
7922,59
7923,59
7924,59
7925,59
7926,59
7927,59
7928,59
7929,59
7930,59
7931,59
7932,59
7933,59
7934,59
7935,59
7936,59
